Open Time,Open,High,Low,Close,Volume,Close Time,QAV,No. Trades,Taker BBAV,Taker BQAV,Ignore
1616181420000,326107.00000000,326110.00000000,325864.00000000,326100.00000000,0.01361800,1616181479999,4439.09490900,26,0.00625600,2040.08414100,0
1616181480000,326100.00000000,326110.00000000,325791.00000000,325800.00000000,0.16689500,1616181539999,54387.70710500,24,0.01102300,3594.61098600,0
1616181540000,326099.00000000,326099.00000000,325800.00000000,325999.00000000,0.17841200,1616181599999,58131.18882600,17,0.02262200,7374.80104100,0
1616181600000,325999.00000000,325999.00000000,325800.00000000,325999.00000000,0.04669800,1616181659999,15216.76316200,9,0.01283800,4185.17516200,0
1616181660000,325999.00000000,325999.00000000,325800.00000000,325999.00000000,0.06399100,1616181719999,20860.36242300,17,0.06077700,19813.24122300,0
1616181720000,325999.00000000,326108.00000000,325905.00000000,326108.00000000,0.18288300,1616181779999,59630.54139700,41,0.17432900,56842.75002700,0
1616181780000,326108.00000000,326390.00000000,325913.00000000,326136.00000000,0.15449100,1616181839999,50393.99663900,27,0.13048400,42564.51592500,0
1616181840000,326390.00000000,326663.00000000,326136.00000000,326663.00000000,0.05939100,1616181899999,19386.93781400,20,0.05918700,19320.40006400,0
1616181900000,326663.00000000,326697.00000000,326325.00000000,326696.00000000,0.00696600,1616181959999,2275.55680300,18,0.00681400,2225.95540300,0
1616181960000,326697.00000000,326700.00000000,326458.00000000,326700.00000000,0.08310500,1616182019999,27136.95693100,27,0.01910000,6239.93229000,0
1616182020000,326699.00000000,326699.00000000,326457.00000000,326459.00000000,0.04095400,1616182079999,13371.10230600,15,0.00568400,1856.94946400,0
1616182080000,326696.00000000,326700.00000000,326463.00000000,326698.00000000,0.62641800,1616182139999,204649.33978700,21,0.62088800,202843.70690300,0
1616182140000,326698.00000000,326700.00000000,326316.00000000,326316.00000000,0.62374300,1616182199999,203624.39459500,48,0.10997200,35927.57522000,0
1616182200000,326320.00000000,326686.00000000,326285.00000000,326648.00000000,0.01433500,1616182259999,4681.86688200,20,0.01048600,3425.44173800,0
1616182260000,326642.00000000,326642.00000000,326302.00000000,326629.00000000,0.03345500,1616182319999,10925.21852000,27,0.02539600,8295.24370500,0
1616182320000,326400.00000000,326628.00000000,326306.00000000,326628.00000000,0.01134000,1616182379999,3702.16043500,12,0.00517700,1690.87770700,0
1616182380000,326628.00000000,326628.00000000,326398.00000000,326405.00000000,0.00826100,1616182439999,2698.03853900,10,0.00722800,2360.86718400,0
1616182440000,326628.00000000,326641.00000000,326491.00000000,326641.00000000,0.23715800,1616182499999,77463.38624300,22,0.23452300,76603.08245800,0
1616182500000,326500.00000000,326700.00000000,326500.00000000,326700.00000000,0.97196400,1616182559999,317536.36162600,43,0.79832000,260810.70254900,0
1616182560000,326700.00000000,326700.00000000,326500.00000000,326689.00000000,0.08046700,1616182619999,26287.16202900,22,0.06741900,22025.68244500,0
1616182620000,326508.00000000,327000.00000000,326508.00000000,326912.00000000,0.56578700,1616182679999,184860.51591100,48,0.53796800,175769.51633100,0
1616182680000,327100.00000000,327249.00000000,326912.00000000,327241.00000000,0.09599400,1616182739999,31385.91538200,21,0.00191200,625.61947700,0
1616182740000,326939.00000000,327238.00000000,326920.00000000,326920.00000000,0.22650200,1616182799999,74056.93911900,29,0.01294500,4236.03925200,0
1616182800000,326700.00000000,327069.00000000,326433.00000000,327063.00000000,0.40410900,1616182859999,132002.80255700,25,0.03174400,10379.27539100,0
1616182860000,327061.00000000,327063.00000000,326707.00000000,327063.00000000,0.01422000,1616182919999,4650.77488900,9,0.01406300,4599.48189000,0
1616182920000,327063.00000000,327233.00000000,326882.00000000,326888.00000000,0.10535400,1616182979999,34443.25527100,19,0.02300900,7525.66505300,0
1616182980000,327062.00000000,327063.00000000,326750.00000000,326750.00000000,0.23437900,1616183039999,76624.66418500,18,0.06665800,21801.30860300,0
1616183040000,327061.00000000,327061.00000000,326436.00000000,326436.00000000,0.23991800,1616183099999,78409.38145900,17,0.00046000,150.44628300,0
1616183100000,326750.00000000,327018.00000000,326439.00000000,326979.00000000,0.00613200,1616183159999,2004.45882300,14,0.00479800,1568.73672000,0
1616183160000,326979.00000000,326979.00000000,326750.00000000,326979.00000000,0.01525500,1616183219999,4987.99365500,13,0.01494500,4886.70115500,0
1616183220000,326979.00000000,327000.00000000,326439.00000000,326728.00000000,0.03567000,1616183279999,11657.40775000,24,0.01880500,6148.52368000,0
1616183280000,326727.00000000,326727.00000000,325913.00000000,325913.00000000,0.20071900,1616183339999,65474.95087900,30,0.05875800,19152.65271100,0
1616183340000,326040.00000000,326389.00000000,325865.00000000,326356.00000000,0.04041400,1616183399999,13171.88370800,27,0.03439900,11211.77886800,0
1616183400000,326360.00000000,326360.00000000,325906.00000000,325907.00000000,0.27695300,1616183459999,90343.96883800,27,0.27664800,90244.56730600,0
1616183460000,326326.00000000,326332.00000000,325916.00000000,326291.00000000,0.05529800,1616183519999,18039.68637700,33,0.04044100,13196.43516100,0
1616183520000,326280.00000000,326280.00000000,325995.00000000,326277.00000000,0.13697800,1616183579999,44692.10212600,16,0.13444800,43867.33477600,0
1616183580000,326277.00000000,326277.00000000,326162.00000000,326275.00000000,0.11861800,1616183639999,38700.88701600,27,0.10607300,34609.17270900,0
1616183640000,326275.00000000,326693.00000000,326275.00000000,326693.00000000,0.04922100,1616183699999,16061.35602700,15,0.04880000,15923.97587100,0
1616183700000,326358.00000000,327000.00000000,326358.00000000,326999.00000000,0.21847500,1616183759999,71391.52146800,17,0.21835600,71352.68486600,0
1616183760000,326998.00000000,326999.00000000,326459.00000000,326726.00000000,0.13727600,1616183819999,44867.79027200,11,0.12642300,41322.31149500,0
1616183820000,326726.00000000,326741.00000000,326463.00000000,326741.00000000,0.02987500,1616183879999,9760.82807900,14,0.02941800,9611.63417600,0
1616183880000,326478.00000000,326498.00000000,325852.00000000,326477.00000000,0.38384900,1616183939999,125221.52270100,42,0.00443400,1447.64865700,0
1616183940000,326469.00000000,326493.00000000,326459.00000000,326491.00000000,0.23103000,1616183999999,75428.56469800,36,0.20625600,67340.07364100,0
1616184000000,326500.00000000,326993.00000000,326500.00000000,326545.00000000,0.06301000,1616184059999,20587.18327200,30,0.03452400,11285.20601900,0
1616184060000,326560.00000000,326948.00000000,326560.00000000,326948.00000000,0.02562200,1616184119999,8376.69897100,10,0.02549700,8335.87897100,0
1616184120000,326948.00000000,326996.00000000,326745.00000000,326969.00000000,0.15175200,1616184179999,49619.34330200,18,0.15136200,49491.91275200,0
1616184180000,326608.00000000,326941.00000000,326606.00000000,326939.00000000,0.04152900,1616184239999,13569.66964600,12,0.02896200,9465.19840000,0
1616184240000,326939.00000000,326939.00000000,326492.00000000,326863.00000000,0.05614500,1616184299999,18339.21072900,12,0.00259500,848.23378900,0
1616184300000,326491.00000000,326677.00000000,326120.00000000,326121.00000000,0.15304300,1616184359999,49943.66200400,26,0.01276300,4169.29729000,0
1616184360000,326669.00000000,326671.00000000,326153.00000000,326671.00000000,0.04749700,1616184419999,15513.04046400,17,0.04287700,14006.20463200,0
1616184420000,326671.00000000,326857.00000000,326421.00000000,326700.00000000,0.24405100,1616184479999,79722.63247400,20,0.23639900,77224.77821400,0
1616184480000,326700.00000000,326858.00000000,326626.00000000,326856.00000000,0.16556500,1616184539999,54080.37453200,23,0.01980700,6472.01167200,0
1616184540000,326631.00000000,326854.00000000,326448.00000000,326684.00000000,0.22480600,1616184599999,73439.32691000,23,0.01645400,5378.03631000,0
1616184600000,326851.00000000,327264.00000000,326666.00000000,326944.00000000,0.62302000,1616184659999,203665.67766700,66,0.43284500,141520.18369300,0
1616184660000,326946.00000000,327265.00000000,326944.00000000,326944.00000000,0.10271900,1616184719999,33586.84107100,25,0.00834400,2730.67006100,0
1616184720000,326996.00000000,327895.00000000,326944.00000000,327895.00000000,1.41615200,1616184779999,463761.37388500,79,1.41071200,461982.78086700,0
1616184780000,327896.00000000,328000.00000000,327413.00000000,327503.00000000,0.17371600,1616184839999,56926.73674400,39,0.08363600,27426.05317500,0
1616184840000,327988.00000000,328405.00000000,327507.00000000,328396.00000000,0.38814400,1616184899999,127331.58391600,49,0.38478700,126230.67269100,0
1616184900000,328392.00000000,328403.00000000,327800.00000000,327800.00000000,0.19167100,1616184959999,62869.30845800,31,0.02505700,8228.77059800,0
1616184960000,328015.00000000,328396.00000000,327962.00000000,328396.00000000,0.02920800,1616185019999,9589.09382700,13,0.02716400,8918.73539500,0
1616185020000,328405.00000000,328500.00000000,328330.00000000,328500.00000000,0.77760500,1616185079999,255442.52359300,35,0.77431700,254362.77298300,0
1616185080000,328499.00000000,328500.00000000,328332.00000000,328333.00000000,0.23698700,1616185139999,77843.30315800,44,0.19556900,64244.40929500,0
1616185140000,328500.00000000,328800.00000000,328349.00000000,328758.00000000,0.33181100,1616185199999,109005.26028000,32,0.31737000,104263.49477400,0
1616185200000,328362.00000000,328444.00000000,327559.00000000,328444.00000000,0.52487100,1616185259999,172284.21957000,51,0.02622700,8611.75457000,0
1616185260000,328124.00000000,328300.00000000,327717.00000000,328300.00000000,0.01131800,1616185319999,3712.89242800,21,0.01072700,3519.20989600,0
1616185320000,327803.00000000,327816.00000000,326537.00000000,327307.00000000,0.85517700,1616185379999,279780.64501400,54,0.01983700,6495.87832400,0
1616185380000,327483.00000000,327628.00000000,327035.00000000,327582.00000000,0.16818900,1616185439999,55080.22090000,25,0.00824500,2701.04810500,0
1616185440000,327569.00000000,327573.00000000,327230.00000000,327498.00000000,0.05873000,1616185499999,19228.60921100,13,0.03548100,11620.11706200,0
1616185500000,327498.00000000,327498.00000000,326852.00000000,327331.00000000,0.10836800,1616185559999,35455.16751600,24,0.04057200,13278.82705900,0
1616185560000,326581.00000000,326765.00000000,325400.00000000,325717.00000000,0.40472500,1616185619999,131929.38065400,52,0.02248600,7331.89777800,0
1616185620000,325994.00000000,326303.00000000,325398.00000000,325453.00000000,0.74654400,1616185679999,243252.20745100,40,0.38653000,125937.76762100,0
1616185680000,325453.00000000,325988.00000000,324994.00000000,325000.00000000,0.18346700,1616185739999,59681.12459700,40,0.06549100,21322.85679700,0
1616185740000,325000.00000000,325679.00000000,324146.00000000,324146.00000000,0.44338600,1616185799999,144075.00192400,58,0.03623500,11779.29326400,0
1616185800000,324278.00000000,326279.00000000,324278.00000000,326200.00000000,1.13266500,1616185859999,368733.71664600,62,0.94490600,307613.35720800,0
1616185860000,326367.00000000,326368.00000000,325416.00000000,325417.00000000,0.25410600,1616185919999,82810.47235000,30,0.00967200,3156.62240200,0
1616185920000,325823.00000000,326339.00000000,325669.00000000,326199.00000000,0.01556000,1616185979999,5072.71674400,15,0.01309400,4269.58529000,0
1616185980000,325902.00000000,326199.00000000,325670.00000000,326180.00000000,0.40394300,1616186039999,131743.29482100,41,0.36930200,120457.93317600,0
1616186040000,326180.00000000,326664.00000000,325937.00000000,326664.00000000,0.53021600,1616186099999,172927.55243900,41,0.12855500,41959.35343100,0
1616186100000,326211.00000000,326224.00000000,325767.00000000,325767.00000000,0.15261700,1616186159999,49779.46459700,20,0.00000000,0.00000000,0
1616186160000,325769.00000000,326448.00000000,325768.00000000,326211.00000000,0.28152100,1616186219999,91852.34451500,25,0.13855500,45220.81982000,0
1616186220000,326448.00000000,326491.00000000,326000.00000000,326000.00000000,0.03746500,1616186279999,12215.85770200,18,0.00227200,741.78734900,0
1616186280000,326207.00000000,326490.00000000,325984.00000000,325984.00000000,0.13279200,1616186339999,43317.77389700,27,0.11063900,36095.94265100,0
1616186340000,325901.00000000,326192.00000000,325880.00000000,326124.00000000,0.03629500,1616186399999,11834.28268900,27,0.00711600,2320.76781200,0
1616186400000,326125.00000000,326158.00000000,325718.00000000,326131.00000000,0.02266100,1616186459999,7386.06583900,24,0.00889600,2901.30020300,0
1616186460000,326121.00000000,326160.00000000,325800.00000000,325806.00000000,0.00979600,1616186519999,3194.27485800,15,0.00734800,2396.49286800,0
1616186520000,326138.00000000,326138.00000000,325189.00000000,325189.00000000,0.12067000,1616186579999,39284.55168200,28,0.00364600,1188.40873600,0
1616186580000,325002.00000000,325140.00000000,323559.00000000,323918.00000000,0.20042500,1616186639999,65012.02080900,57,0.07842800,25445.71528100,0
1616186640000,323918.00000000,324143.00000000,323200.00000000,324045.00000000,0.26415600,1616186699999,85492.09852700,53,0.15149500,49047.65007600,0
1616186700000,324000.00000000,324756.00000000,324000.00000000,324175.00000000,0.52015800,1616186759999,168670.89101200,41,0.06258700,20305.02317100,0
1616186760000,324004.00000000,324135.00000000,323002.00000000,323839.00000000,0.20827100,1616186819999,67324.51572000,40,0.00532200,1723.73679100,0
1616186820000,323578.00000000,324137.00000000,323408.00000000,323856.00000000,0.07877400,1616186879999,25483.04231500,14,0.00136200,441.44404800,0
1616186880000,323900.00000000,323900.00000000,323087.00000000,323563.00000000,0.33169800,1616186939999,107213.86524000,15,0.18821300,60840.75012000,0
1616186940000,323850.00000000,323850.00000000,323276.00000000,323530.00000000,0.09257100,1616186999999,29926.70248300,6,0.00126600,409.98450000,0
1616187000000,323276.00000000,323520.00000000,323009.00000000,323520.00000000,0.03372300,1616187059999,10905.95812200,35,0.02588800,8374.52455300,0
1616187060000,323407.00000000,324134.00000000,323402.00000000,324130.00000000,0.03048500,1616187119999,9869.17320900,37,0.01797000,5818.93863700,0
1616187120000,323519.00000000,324127.00000000,323401.00000000,323680.00000000,0.16711900,1616187179999,54081.95320700,24,0.01833400,5942.53025100,0
1616187180000,323850.00000000,324101.00000000,323850.00000000,324099.00000000,0.12760100,1616187239999,41332.40567100,16,0.05865600,18999.10976100,0
1616187240000,324123.00000000,324150.00000000,324000.00000000,324000.00000000,0.01130400,1616187299999,3663.26151200,10,0.01130400,3663.26151200,0
1616187300000,323857.00000000,324395.00000000,323853.00000000,324395.00000000,0.04352800,1616187359999,14105.68632500,24,0.03678400,11921.59319100,0
1616187360000,324038.00000000,325429.00000000,324038.00000000,324940.00000000,0.02561300,1616187419999,8316.95249900,28,0.01389600,4514.04028500,0
1616187420000,324940.00000000,325426.00000000,324692.00000000,325332.00000000,0.03093800,1616187479999,10058.25564200,33,0.01528500,4973.07430100,0
1616187480000,324925.00000000,325308.00000000,324902.00000000,325109.00000000,0.09667400,1616187539999,31429.06431300,36,0.04184300,13611.71848600,0
1616187540000,325284.00000000,325303.00000000,325108.00000000,325302.00000000,0.13001700,1616187599999,42269.89896000,9,0.00175700,571.54619500,0
1616187600000,325302.00000000,325302.00000000,324800.00000000,324802.00000000,0.02089100,1616187659999,6789.25218300,17,0.00402600,1309.21642800,0
1616187660000,324801.00000000,325110.00000000,324801.00000000,325105.00000000,0.00885200,1616187719999,2876.63073400,16,0.00489700,1592.03892900,0
1616187720000,325105.00000000,325109.00000000,325105.00000000,325109.00000000,0.00820000,1616187779999,2665.88069900,9,0.00820000,2665.88069900,0
1616187780000,325109.00000000,325549.00000000,324828.00000000,325333.00000000,0.02694500,1616187839999,8762.55037200,23,0.02544700,8275.34394800,0
1616187840000,325550.00000000,325614.00000000,325425.00000000,325610.00000000,0.08782300,1616187899999,28581.48829900,16,0.00641300,2088.15955400,0
1616187900000,325450.00000000,325450.00000000,325065.00000000,325079.00000000,0.09090400,1616187959999,29573.57734300,21,0.01074500,3496.22964800,0
1616187960000,325400.00000000,325590.00000000,325268.00000000,325590.00000000,0.02443600,1616188019999,7951.52039100,8,0.02324700,7564.77673900,0
1616188020000,325590.00000000,325900.00000000,325278.00000000,325900.00000000,0.11121000,1616188079999,36205.56141300,20,0.03873600,12617.37591300,0
1616188080000,325999.00000000,326367.00000000,325747.00000000,326341.00000000,0.05259000,1616188139999,17153.72260600,25,0.03880700,12661.29494300,0
1616188140000,325944.00000000,326319.00000000,325800.00000000,326313.00000000,0.21508600,1616188199999,70142.72118300,29,0.10047900,32787.60253400,0
1616188200000,325860.00000000,326309.00000000,325800.00000000,325814.00000000,0.30550600,1616188259999,99586.01719400,47,0.05207200,16990.39267300,0
1616188260000,325550.00000000,326121.00000000,325271.00000000,326121.00000000,0.34884900,1616188319999,113657.62705100,31,0.12311500,40134.84414800,0
1616188320000,326121.00000000,326121.00000000,325279.00000000,325783.00000000,0.23591600,1616188379999,76794.31414800,25,0.00217900,710.03373600,0
1616188380000,325764.00000000,326106.00000000,325506.00000000,326106.00000000,0.47424100,1616188439999,154567.40776800,42,0.37136800,121040.05448200,0
1616188440000,326106.00000000,326119.00000000,325928.00000000,326115.00000000,0.23579700,1616188499999,76859.15422800,23,0.03015800,9834.75154900,0
1616188500000,326116.00000000,326500.00000000,325936.00000000,326500.00000000,0.06311000,1616188559999,20592.63107700,28,0.06045100,19725.63809700,0
1616188560000,326500.00000000,326880.00000000,326132.00000000,326500.00000000,0.17196400,1616188619999,56133.39040700,31,0.10295400,33626.84866700,0
1616188620000,326500.00000000,326500.00000000,326132.00000000,326143.00000000,0.13679400,1616188679999,44614.15202000,16,0.05707600,18615.48407800,0
1616188680000,326143.00000000,326660.00000000,325600.00000000,325600.00000000,0.05723300,1616188739999,18655.30588900,40,0.01396000,4558.42841500,0
1616188740000,325782.00000000,326396.00000000,325465.00000000,325701.00000000,0.00219300,1616188799999,714.04075300,13,0.00055000,179.29316000,0
1616188800000,325711.00000000,326375.00000000,325711.00000000,326375.00000000,0.00061500,1616188859999,200.42736700,15,0.00016400,53.52550000,0
1616188860000,326373.00000000,326663.00000000,325803.00000000,325803.00000000,0.10151500,1616188919999,33125.15297300,20,0.07646700,24962.12963800,0
1616188920000,326113.00000000,326421.00000000,325476.00000000,326421.00000000,0.08417100,1616188979999,27469.77984300,25,0.08355900,27270.40505200,0
1616188980000,326421.00000000,326421.00000000,325872.00000000,326421.00000000,0.00181900,1616189039999,593.70738900,9,0.00172700,563.72716500,0
1616189040000,325886.00000000,326420.00000000,325886.00000000,326420.00000000,0.00254900,1616189099999,830.97791200,9,0.00054900,179.20458000,0
1616189100000,326416.00000000,326417.00000000,326001.00000000,326398.00000000,0.08009500,1616189159999,26128.29638900,52,0.04144500,13528.23999200,0
1616189160000,326001.00000000,326392.00000000,325803.00000000,326082.00000000,0.02877000,1616189219999,9377.78020800,20,0.00726000,2367.38031500,0
1616189220000,325691.00000000,326199.00000000,325680.00000000,325680.00000000,0.10092000,1616189279999,32869.34203500,16,0.00299900,978.26790200,0
1616189280000,325684.00000000,326199.00000000,325680.00000000,326100.00000000,0.14859600,1616189339999,48456.14347500,25,0.11183500,36477.00521900,0
1616189340000,326199.00000000,326417.00000000,325850.00000000,326417.00000000,0.53944900,1616189399999,175946.09719700,39,0.26393800,86145.00426300,0
1616189400000,326042.00000000,326417.00000000,326038.00000000,326038.00000000,0.48119900,1616189459999,156896.21187400,32,0.01914700,6249.39836600,0
1616189460000,326390.00000000,326390.00000000,325879.00000000,326355.00000000,0.01638600,1616189519999,5343.35063100,22,0.00601200,1962.11599500,0
1616189520000,326349.00000000,326349.00000000,325881.00000000,326345.00000000,0.01751600,1616189579999,5713.18365300,20,0.00796800,2600.25590300,0
1616189580000,326328.00000000,326336.00000000,325840.00000000,325841.00000000,0.13923100,1616189639999,45368.42629800,16,0.00152800,498.64018500,0
1616189640000,325850.00000000,326334.00000000,325667.00000000,326095.00000000,0.32407600,1616189699999,105609.64189500,31,0.01218800,3977.12808900,0
1616189700000,325701.00000000,326095.00000000,325701.00000000,326095.00000000,0.01203200,1616189759999,3918.89394000,3,0.00000000,0.00000000,0
1616189760000,325701.00000000,325701.00000000,325477.00000000,325477.00000000,0.09617100,1616189819999,31304.47264500,23,0.00076000,247.38000000,0
1616189820000,325477.00000000,325500.00000000,325262.00000000,325500.00000000,0.07301200,1616189879999,23761.13741500,18,0.05356100,17434.09029800,0
1616189880000,325500.00000000,325500.00000000,325500.00000000,325500.00000000,0.00555500,1616189939999,1808.15250000,10,0.00555500,1808.15250000,0
1616189940000,325262.00000000,325501.00000000,325262.00000000,325500.00000000,0.45320400,1616189999999,147517.07764200,21,0.04920800,16017.20400000,0
1616190000000,325500.00000000,325992.00000000,325500.00000000,325992.00000000,0.02155100,1616190059999,7019.62441300,12,0.01720800,5605.97123900,0
1616190060000,325593.00000000,325988.00000000,325593.00000000,325660.00000000,0.18123700,1616190119999,59010.75262100,9,0.00300200,978.49937600,0
1616190120000,325775.00000000,326197.00000000,325774.00000000,326197.00000000,0.23765500,1616190179999,77429.41389700,17,0.02953400,9628.18133700,0
1616190180000,326039.00000000,326345.00000000,326000.00000000,326013.00000000,0.05522800,1616190239999,18017.59061700,33,0.04005900,13072.04133000,0
1616190240000,326013.00000000,326346.00000000,325983.00000000,326346.00000000,0.00488800,1616190299999,1594.04489200,13,0.00152900,498.98303400,0
1616190300000,326187.00000000,326345.00000000,325802.00000000,325986.00000000,0.35949500,1616190359999,117195.03646100,30,0.02504300,8172.28284900,0
1616190360000,326098.00000000,326600.00000000,326007.00000000,326220.00000000,0.61651400,1616190419999,201131.63421700,34,0.16529800,53948.39397100,0
1616190420000,326213.00000000,326564.00000000,326002.00000000,326488.00000000,0.18146600,1616190479999,59160.46064800,13,0.00296700,968.85286800,0
1616190480000,326488.00000000,326563.00000000,325802.00000000,325803.00000000,0.56737100,1616190539999,185095.04662300,44,0.07862100,25668.02857800,0
1616190540000,326325.00000000,326325.00000000,325284.00000000,325997.00000000,0.23824900,1616190599999,77669.66303800,43,0.02751500,8972.62776000,0
1616190600000,325667.00000000,325996.00000000,325627.00000000,325627.00000000,0.01648400,1616190659999,5369.03250700,28,0.00360200,1174.12406300,0
1616190660000,325797.00000000,325896.00000000,325280.00000000,325500.00000000,0.19765500,1616190719999,64328.21763500,21,0.00808000,2633.18598100,0
1616190720000,325664.00000000,325793.00000000,325281.00000000,325281.00000000,0.00432000,1616190779999,1405.72296600,16,0.00131200,427.22907200,0
1616190780000,325281.00000000,325755.00000000,325281.00000000,325754.00000000,0.03395200,1616190839999,11055.25824600,35,0.02319400,7555.37970600,0
1616190840000,325394.00000000,325596.00000000,325081.00000000,325494.00000000,0.04173400,1616190899999,13574.94683300,23,0.00706300,2298.50797000,0
1616190900000,325258.00000000,325797.00000000,325258.00000000,325797.00000000,0.33073300,1616190959999,107718.91072600,29,0.33013500,107524.36583400,0
1616190960000,325744.00000000,326108.00000000,325556.00000000,325851.00000000,0.10291200,1616191019999,33534.13999500,41,0.06253500,20379.10226800,0
1616191020000,325851.00000000,326104.00000000,325727.00000000,325810.00000000,0.01434400,1616191079999,4675.03923000,11,0.00459100,1497.14346400,0
1616191080000,325810.00000000,325810.00000000,325502.00000000,325502.00000000,0.00065300,1616191139999,212.63750600,4,0.00000000,0.00000000,0
1616191140000,325842.00000000,326081.00000000,325801.00000000,326080.00000000,0.03426500,1616191199999,11166.83738300,16,0.02588800,8437.60240600,0
1616191200000,325803.00000000,326078.00000000,325503.00000000,325838.00000000,0.02304000,1616191259999,7504.63369100,27,0.00597000,1945.35648600,0
1616191260000,325821.00000000,325846.00000000,325325.00000000,325500.00000000,0.03876800,1616191319999,12626.53088700,19,0.01916100,6243.27208400,0
1616191320000,325283.00000000,325489.00000000,325050.00000000,325050.00000000,0.03839500,1616191379999,12491.11062000,30,0.01811600,5896.53723800,0
1616191380000,325469.00000000,325479.00000000,325054.00000000,325054.00000000,0.02243900,1616191439999,7302.69226300,8,0.02081500,6774.80456700,0
1616191440000,325475.00000000,325476.00000000,325048.00000000,325050.00000000,0.18980700,1616191499999,61708.63907900,28,0.12122700,39412.46473000,0
1616191500000,325445.00000000,325802.00000000,325011.00000000,325011.00000000,0.61154600,1616191559999,199096.08963100,57,0.47433700,154475.16655800,0
1616191560000,325526.00000000,325526.00000000,325056.00000000,325483.00000000,0.01052200,1616191619999,3422.52092300,21,0.00497200,1618.44702100,0
1616191620000,325471.00000000,325471.00000000,325058.00000000,325415.00000000,0.00426500,1616191679999,1387.07792900,12,0.00185500,603.68716900,0
1616191680000,325060.00000000,325408.00000000,325059.00000000,325388.00000000,0.10567000,1616191739999,34361.83284700,56,0.03107200,10110.75884300,0
1616191740000,325376.00000000,325376.00000000,325367.00000000,325376.00000000,0.00678500,1616191799999,2207.66694400,10,0.00678500,2207.66694400,0
1616191800000,325375.00000000,325535.00000000,325375.00000000,325535.00000000,0.17930000,1616191859999,58341.51483700,17,0.17496800,56931.92968900,0
1616191860000,325779.00000000,325780.00000000,325086.00000000,325086.00000000,0.08077400,1616191919999,26272.00373000,27,0.00667600,2174.37819800,0
1616191920000,325087.00000000,325465.00000000,325000.00000000,325000.00000000,0.13544600,1616191979999,44030.90935400,19,0.00153400,499.25256000,0
1616191980000,325182.00000000,325440.00000000,324666.00000000,325440.00000000,0.14764100,1616192039999,47984.16988100,36,0.08061600,26216.02394900,0
1616192040000,325440.00000000,325440.00000000,324345.00000000,324583.00000000,0.12019600,1616192099999,38996.60507300,27,0.01881000,6105.71885800,0
1616192100000,324458.00000000,325213.00000000,324458.00000000,325169.00000000,0.35279300,1616192159999,114545.13071600,26,0.04134700,13434.25310800,0
1616192160000,325169.00000000,325173.00000000,324351.00000000,324494.00000000,0.12562800,1616192219999,40764.69435900,22,0.00389100,1265.02890800,0
1616192220000,324494.00000000,325000.00000000,324494.00000000,325000.00000000,0.10896800,1616192279999,35404.79708000,22,0.10845900,35239.62862000,0
1616192280000,325000.00000000,325173.00000000,324546.00000000,324728.00000000,0.08269100,1616192339999,26863.44450900,24,0.04202300,13657.60318600,0
1616192340000,324728.00000000,324728.00000000,324728.00000000,324728.00000000,0.00000000,1616192399999,0.00000000,0,0.00000000,0.00000000,0
1616192400000,324723.00000000,325071.00000000,324723.00000000,325041.00000000,0.00360400,1616192459999,1170.92514600,4,0.00188800,613.70047800,0
1616192460000,325018.00000000,325107.00000000,324832.00000000,325107.00000000,0.00607200,1616192519999,1973.52097400,14,0.00484100,1573.65278200,0
1616192520000,325107.00000000,325172.00000000,324843.00000000,325168.00000000,0.12371100,1616192579999,40225.34040000,23,0.11882700,38638.36875600,0
1616192580000,325168.00000000,325438.00000000,324858.00000000,325438.00000000,0.06041700,1616192639999,19660.75186600,24,0.05994700,19508.05496600,0
1616192640000,325437.00000000,325437.00000000,324845.00000000,325003.00000000,0.05379500,1616192699999,17480.17680700,23,0.00442400,1439.70880100,0
1616192700000,325002.00000000,325419.00000000,324998.00000000,324998.00000000,0.02708700,1616192759999,8803.32987200,10,0.00013200,42.95530800,0
1616192760000,324998.00000000,325414.00000000,324881.00000000,325414.00000000,0.01593400,1616192819999,5182.82532200,12,0.01402100,4561.21986100,0
1616192820000,325041.00000000,325373.00000000,324998.00000000,325351.00000000,0.14980100,1616192879999,48709.63547500,36,0.06371000,20728.99991100,0
1616192880000,325012.00000000,325347.00000000,324710.00000000,324712.00000000,0.10933500,1616192939999,35524.49418000,35,0.00500700,1628.66910600,0
1616192940000,325193.00000000,325203.00000000,324889.00000000,325198.00000000,0.16953300,1616192999999,55082.98508900,23,0.01194600,3884.69678800,0
1616193000000,325198.00000000,325201.00000000,325001.00000000,325001.00000000,0.03501900,1616193059999,11388.01559100,21,0.02811400,9142.66653000,0
1616193060000,325199.00000000,325346.00000000,325198.00000000,325346.00000000,0.00917600,1616193119999,2984.73230700,12,0.00713300,2320.34870700,0
1616193120000,325346.00000000,325346.00000000,325050.00000000,325201.00000000,0.01570800,1616193179999,5109.95109500,6,0.01570800,5109.95109500,0
1616193180000,325201.00000000,325345.00000000,325058.00000000,325059.00000000,0.19822000,1616193239999,64460.83922400,23,0.15192600,49406.72049600,0
1616193240000,325340.00000000,325400.00000000,325066.00000000,325345.00000000,0.13016400,1616193299999,42348.55341600,28,0.12983400,42241.28163600,0
1616193300000,325345.00000000,325397.00000000,325072.00000000,325397.00000000,0.00866400,1616193359999,2819.05475100,14,0.00804000,2616.18778800,0
1616193360000,325397.00000000,325699.00000000,325345.00000000,325386.00000000,0.02186100,1616193419999,7114.22793800,25,0.01750700,5697.42991800,0
1616193420000,325385.00000000,325635.00000000,325094.00000000,325098.00000000,0.04261200,1616193479999,13859.16449500,8,0.00030700,99.96994500,0
1616193480000,325385.00000000,325585.00000000,325059.00000000,325059.00000000,0.05866200,1616193539999,19073.90730800,19,0.00583900,1900.22575500,0
1616193540000,325059.00000000,325059.00000000,324411.00000000,324500.00000000,0.07473300,1616193599999,24254.75207400,21,0.05562300,18047.54982600,0
1616193600000,324500.00000000,325012.00000000,324500.00000000,324611.00000000,0.07304500,1616193659999,23712.37050200,10,0.00307500,999.30262200,0
1616193660000,324611.00000000,324845.00000000,324411.00000000,324411.00000000,0.26553400,1616193719999,86174.84077700,22,0.02400800,7798.83395300,0
1616193720000,324842.00000000,324844.00000000,324514.00000000,324840.00000000,0.07616900,1616193779999,24733.21155200,30,0.03716200,12071.79712600,0
1616193780000,324838.00000000,325031.00000000,324770.00000000,325031.00000000,0.10476500,1616193839999,34028.02668300,20,0.04430500,14392.42619200,0
1616193840000,325031.00000000,325031.00000000,324562.00000000,324798.00000000,0.23270000,1616193899999,75563.07905100,21,0.00902200,2932.15876500,0
1616193900000,324799.00000000,324799.00000000,324114.00000000,324114.00000000,0.07821200,1616193959999,25377.55630300,36,0.01451000,4712.75235000,0
1616193960000,324448.00000000,324448.00000000,324102.00000000,324448.00000000,0.00276600,1616194019999,897.35055600,10,0.00233500,757.56834900,0
1616194020000,324448.00000000,324664.00000000,324306.00000000,324624.00000000,0.18699700,1616194079999,60650.01451200,15,0.03493700,11336.04415200,0
1616194080000,324514.00000000,324519.00000000,324040.00000000,324041.00000000,0.01770500,1616194139999,5740.84682500,16,0.00023800,77.23552200,0
1616194140000,324306.00000000,324521.00000000,324089.00000000,324521.00000000,0.00946900,1616194199999,3069.53638700,10,0.00139900,453.97106700,0
1616194200000,324400.00000000,324545.00000000,324088.00000000,324545.00000000,0.10253500,1616194259999,33269.15803800,29,0.09786400,31755.34268200,0
1616194260000,324509.00000000,324545.00000000,324094.00000000,324094.00000000,0.04573600,1616194319999,14824.54486600,13,0.00370600,1202.69684600,0
1616194320000,324495.00000000,324509.00000000,324095.00000000,324507.00000000,0.05893400,1616194379999,19122.96752800,26,0.05142000,16686.17407800,0
1616194380000,324500.00000000,324507.00000000,324500.00000000,324507.00000000,0.00835600,1616194439999,2711.57817500,13,0.00835600,2711.57817500,0
1616194440000,324287.00000000,324599.00000000,324261.00000000,324588.00000000,0.38102300,1616194499999,123645.05165900,26,0.08085100,26244.15035200,0
1616194500000,324262.00000000,324600.00000000,324261.00000000,324595.00000000,0.29968300,1616194559999,97263.23013800,40,0.10591100,34378.66403700,0
1616194560000,324600.00000000,324996.00000000,324493.00000000,324945.00000000,0.10878700,1616194619999,35313.06944400,24,0.05470800,17759.42958300,0
1616194620000,324943.00000000,324943.00000000,324494.00000000,324873.00000000,0.03045300,1616194679999,9887.92665200,12,0.00058300,189.41641200,0
1616194680000,324871.00000000,324871.00000000,324500.00000000,324661.00000000,0.00653400,1616194739999,2121.62399800,17,0.00468600,1521.92397400,0
1616194740000,324700.00000000,324999.00000000,324514.00000000,324999.00000000,0.06190000,1616194799999,20090.22302200,17,0.00887500,2882.81415800,0
1616194800000,324999.00000000,325400.00000000,324779.00000000,324998.00000000,0.09620500,1616194859999,31266.49048200,10,0.09588600,31162.88598100,0
1616194860000,324779.00000000,324873.00000000,324520.00000000,324873.00000000,0.05328200,1616194919999,17302.06034500,9,0.00061500,199.79689500,0
1616194920000,324532.00000000,324856.00000000,324264.00000000,324264.00000000,0.01704700,1616194979999,5534.31377000,22,0.00999800,3247.28387800,0
1616194980000,324306.00000000,324639.00000000,324155.00000000,324155.00000000,0.00726800,1616195039999,2356.92057300,14,0.00030700,99.66356100,0
1616195040000,324398.00000000,324400.00000000,324395.00000000,324400.00000000,0.00939500,1616195099999,3047.71373900,10,0.00939500,3047.71373900,0
1616195100000,324400.00000000,324587.00000000,324157.00000000,324400.00000000,0.09445900,1616195159999,30632.82069400,22,0.02165400,7025.13483300,0
1616195160000,324400.00000000,324584.00000000,323949.00000000,324171.00000000,0.27444400,1616195219999,88989.42083200,49,0.00133300,432.57634800,0
1616195220000,323950.00000000,324229.00000000,323766.00000000,323895.00000000,0.04954700,1616195279999,16044.28746300,20,0.00046500,150.66361300,0
1616195280000,323770.00000000,323874.00000000,323592.00000000,323872.00000000,0.07597200,1616195339999,24595.85069000,30,0.04216300,13655.31954000,0
1616195340000,323800.00000000,324128.00000000,323602.00000000,323749.00000000,0.18728300,1616195399999,60658.59450900,29,0.16664900,53978.37896700,0
1616195400000,323726.00000000,324123.00000000,323501.00000000,323877.00000000,0.38262900,1616195459999,123963.47075300,46,0.32366600,104882.75194500,0
1616195460000,323877.00000000,324121.00000000,323877.00000000,324121.00000000,0.05359300,1616195519999,17359.15288600,12,0.05359300,17359.15288600,0
1616195520000,324121.00000000,324121.00000000,323802.00000000,324120.00000000,0.00866800,1616195579999,2808.13444800,10,0.00426800,1383.34460300,0
1616195580000,324120.00000000,324120.00000000,323610.00000000,323610.00000000,0.07841100,1616195639999,25377.10213200,21,0.00345600,1120.11160400,0
1616195640000,323605.00000000,323910.00000000,323605.00000000,323869.00000000,0.04482200,1616195699999,14505.96620600,12,0.00382400,1238.23523600,0
1616195700000,323618.00000000,323930.00000000,323611.00000000,323612.00000000,0.07171100,1616195759999,23211.90787100,20,0.01811800,5868.57306100,0
1616195760000,323504.00000000,323913.00000000,323475.00000000,323618.00000000,0.09356500,1616195819999,30267.66551900,13,0.00042000,136.00422500,0
1616195820000,323476.00000000,323913.00000000,323476.00000000,323911.00000000,0.04355400,1616195879999,14090.18554800,10,0.00347400,1125.26730600,0
1616195880000,323908.00000000,323909.00000000,323508.00000000,323508.00000000,0.02241200,1616195939999,7252.00095100,15,0.00380200,1231.50068200,0
1616195940000,323906.00000000,323908.00000000,323300.00000000,323873.00000000,0.18334300,1616195999999,59334.46895500,34,0.07710500,24974.81832200,0
1616196000000,323871.00000000,323871.00000000,323128.00000000,323634.00000000,0.21894000,1616196059999,70802.01606500,16,0.00041000,132.78670000,0
1616196060000,323811.00000000,323834.00000000,323634.00000000,323833.00000000,0.52534500,1616196119999,170054.18807700,21,0.08566000,27738.74993300,0
1616196120000,323799.00000000,323800.00000000,323128.00000000,323566.00000000,0.32187000,1616196179999,104117.55859600,21,0.01947600,6305.61174700,0
1616196180000,323560.00000000,323574.00000000,323072.00000000,323072.00000000,0.21889800,1616196239999,70777.74964100,23,0.04850200,15692.01080000,0
1616196240000,323561.00000000,323779.00000000,323306.00000000,323777.00000000,0.19179900,1616196299999,62046.26681300,21,0.04179900,13527.88145100,0
1616196300000,323778.00000000,323778.00000000,323502.00000000,323776.00000000,0.07709100,1616196359999,24957.36360000,33,0.06639500,21496.36140100,0
1616196360000,323778.00000000,323832.00000000,323305.00000000,323808.00000000,0.14169400,1616196419999,45819.50769500,19,0.00185000,599.06815200,0
1616196420000,323287.00000000,323770.00000000,323072.00000000,323742.00000000,0.02087900,1616196479999,6749.65739200,23,0.00454200,1470.51347400,0
1616196480000,323115.00000000,323714.00000000,323115.00000000,323713.00000000,0.00815600,1616196539999,2638.28954100,8,0.00497600,1610.78384100,0
1616196540000,323326.00000000,323725.00000000,323326.00000000,323725.00000000,0.04678500,1616196599999,15143.49406700,10,0.04192500,13572.12970700,0
1616196600000,323725.00000000,324065.00000000,323392.00000000,323392.00000000,0.17856800,1616196659999,57783.12163500,25,0.04518600,14616.25276000,0
1616196660000,323392.00000000,323848.00000000,323337.00000000,323848.00000000,0.08625800,1616196719999,27902.92076500,8,0.01531800,4960.68686400,0
1616196720000,323775.00000000,324499.00000000,323769.00000000,324156.00000000,0.39071800,1616196779999,126575.79321400,28,0.19266000,62421.99746300,0
1616196780000,323835.00000000,324476.00000000,323769.00000000,323997.00000000,0.05435600,1616196839999,17608.89312100,14,0.00884600,2870.29915100,0
1616196840000,324473.00000000,324497.00000000,323997.00000000,323997.00000000,0.18694900,1616196899999,60613.79693900,24,0.02993500,9713.77867500,0
1616196900000,324421.00000000,324493.00000000,324151.00000000,324151.00000000,0.02443300,1616196959999,7924.11391100,12,0.01102200,3576.49518000,0
1616196960000,324249.00000000,324479.00000000,323997.00000000,324477.00000000,0.07000400,1616197019999,22711.38038100,28,0.00669200,2170.79674600,0
1616197020000,324113.00000000,324462.00000000,323998.00000000,324462.00000000,0.03590500,1616197079999,11641.25917100,19,0.01261500,4093.06717700,0
1616197080000,324462.00000000,324790.00000000,324255.00000000,324788.00000000,0.24096100,1616197139999,78186.00279500,29,0.24016700,77928.54432500,0
1616197140000,324788.00000000,324788.00000000,323998.00000000,324460.00000000,0.07262000,1616197199999,23551.67974200,23,0.01728500,5608.30087100,0
1616197200000,324459.00000000,324459.00000000,324000.00000000,324448.00000000,0.08790900,1616197259999,28483.68079700,17,0.00226700,735.54227700,0
1616197260000,323999.00000000,324001.00000000,323072.00000000,323488.00000000,0.20581100,1616197319999,66596.07726900,34,0.00269700,872.47575400,0
1616197320000,323482.00000000,323877.00000000,323481.00000000,323849.00000000,0.19160600,1616197379999,61983.68185300,23,0.18200500,58877.86716500,0
1616197380000,323833.00000000,323833.00000000,323274.00000000,323278.00000000,0.01178700,1616197439999,3814.39965200,17,0.00506400,1639.87573600,0
1616197440000,323829.00000000,323830.00000000,323353.00000000,323830.00000000,0.01164700,1616197499999,3768.56179000,19,0.00519700,1682.93494000,0
1616197500000,323831.00000000,323874.00000000,323352.00000000,323872.00000000,0.48280100,1616197559999,156275.03728400,37,0.33861100,109647.12335900,0
1616197560000,323868.00000000,324188.00000000,323579.00000000,324188.00000000,0.08246900,1616197619999,26688.19109400,16,0.00949400,3074.92391800,0
1616197620000,324188.00000000,324435.00000000,324021.00000000,324420.00000000,0.20881500,1616197679999,67692.14115900,20,0.01574700,5105.31162800,0
1616197680000,324430.00000000,324793.00000000,324410.00000000,324792.00000000,0.03907700,1616197739999,12679.77659700,24,0.03269500,10608.62159500,0
1616197740000,324531.00000000,324995.00000000,324530.00000000,324993.00000000,0.10842000,1616197799999,35190.06929000,27,0.02245500,7291.71266500,0
1616197800000,324992.00000000,324993.00000000,324248.00000000,324794.00000000,0.08486000,1616197859999,27537.08058900,49,0.00968600,3146.10488700,0
1616197860000,324791.00000000,324795.00000000,324258.00000000,324258.00000000,0.05024500,1616197919999,16295.02204700,11,0.00123200,400.09831600,0
1616197920000,324258.00000000,324440.00000000,323581.00000000,324153.00000000,0.09904900,1616197979999,32093.18429600,34,0.01094300,3550.10991600,0
1616197980000,324139.00000000,324139.00000000,323375.00000000,323799.00000000,0.06448200,1616198039999,20879.10436800,16,0.06390200,20691.50545500,0
1616198040000,323799.00000000,323801.00000000,323352.00000000,323352.00000000,0.05155700,1616198099999,16674.23493800,17,0.00438800,1420.83693800,0
1616198100000,323164.00000000,323505.00000000,323000.00000000,323451.00000000,0.20442500,1616198159999,66043.21465500,51,0.00623700,2017.61426700,0
1616198160000,323449.00000000,323459.00000000,323000.00000000,323459.00000000,0.15110300,1616198219999,48847.89913500,23,0.07541300,24391.73805100,0
1616198220000,323183.00000000,324113.00000000,323183.00000000,323440.00000000,0.18821800,1616198279999,60876.93642500,23,0.06700900,21691.37359200,0
1616198280000,323440.00000000,323823.00000000,323099.00000000,323806.00000000,0.04955100,1616198339999,16027.62455500,31,0.03959900,12807.56119100,0
1616198340000,323798.00000000,323801.00000000,323267.00000000,323267.00000000,0.21404800,1616198399999,69229.60449000,37,0.03348700,10842.88778300,0
1616198400000,323256.00000000,323256.00000000,322908.00000000,322964.00000000,0.11773900,1616198459999,38047.15576900,22,0.00000000,0.00000000,0
1616198460000,323163.00000000,323163.00000000,322598.00000000,322598.00000000,0.04743800,1616198519999,15311.18399100,28,0.00267700,865.05381900,0
1616198520000,322728.00000000,323137.00000000,322200.00000000,323137.00000000,0.28058400,1616198579999,90502.91771700,45,0.16325500,52682.74034200,0
1616198580000,323135.00000000,324107.00000000,323002.00000000,323357.00000000,0.22263800,1616198639999,72036.28781000,39,0.07950600,25734.14545000,0
1616198640000,323391.00000000,324105.00000000,323352.00000000,323594.00000000,0.14198600,1616198699999,45938.39392100,29,0.02419000,7829.76112400,0
1616198700000,323366.00000000,323772.00000000,322695.00000000,322727.00000000,0.28733400,1616198759999,92814.78402300,33,0.12136900,39203.31750200,0
1616198760000,322997.00000000,323330.00000000,322737.00000000,323325.00000000,0.03254900,1616198819999,10514.24099700,14,0.02459000,7945.45583800,0
1616198820000,322757.00000000,323316.00000000,322678.00000000,323311.00000000,0.11463500,1616198879999,37005.44511000,29,0.01398900,4521.28369900,0
1616198880000,323312.00000000,323723.00000000,323312.00000000,323722.00000000,0.04162000,1616198939999,13458.22229000,21,0.04096000,13244.77807000,0
1616198940000,323722.00000000,323896.00000000,323376.00000000,323748.00000000,0.25078300,1616198999999,81111.11309300,39,0.02794500,9044.70100100,0
1616199000000,323746.00000000,323749.00000000,322734.00000000,322734.00000000,0.03364900,1616199059999,10873.15973900,33,0.00903800,2923.58615900,0
1616199060000,322734.00000000,323016.00000000,322678.00000000,323012.00000000,0.01030500,1616199119999,3325.89308200,13,0.00156100,504.22485600,0
1616199120000,322998.00000000,323420.00000000,322682.00000000,323415.00000000,0.04980800,1616199179999,16088.31417500,26,0.02376200,7677.77924900,0
1616199180000,322808.00000000,324500.00000000,322808.00000000,324499.00000000,0.08766200,1616199239999,28378.19550800,29,0.06437700,20848.38946900,0
1616199240000,324498.00000000,324498.00000000,323918.00000000,324243.00000000,0.25436900,1616199299999,82418.99544000,49,0.04582600,14848.79190000,0
1616199300000,324399.00000000,324744.00000000,324377.00000000,324418.00000000,0.13918900,1616199359999,45157.33107500,27,0.08192800,26580.80250000,0
1616199360000,324737.00000000,325000.00000000,324452.00000000,324996.00000000,0.37853800,1616199419999,122900.59376600,32,0.22040800,71577.81568500,0
1616199420000,324474.00000000,324800.00000000,324383.00000000,324400.00000000,0.03572900,1616199479999,11591.21183900,22,0.01382900,4486.12600000,0
1616199480000,324389.00000000,324790.00000000,324155.00000000,324381.00000000,0.13602500,1616199539999,44137.44739300,37,0.03667400,11910.55183000,0
1616199540000,324753.00000000,325236.00000000,324634.00000000,325236.00000000,0.32217900,1616199599999,104647.26099900,27,0.17812900,57883.73329900,0
1616199600000,324909.00000000,325236.00000000,324878.00000000,325000.00000000,0.16971200,1616199659999,55179.74493200,13,0.00345600,1123.98326400,0
1616199660000,325300.00000000,325496.00000000,325142.00000000,325168.00000000,0.01714200,1616199719999,5577.97248600,19,0.01582500,5149.73967200,0
1616199720000,325485.00000000,325491.00000000,325207.00000000,325207.00000000,0.33280900,1616199779999,108325.89103900,23,0.32966100,107301.67990400,0
1616199780000,325493.00000000,325493.00000000,325204.00000000,325486.00000000,0.02186700,1616199839999,7114.31266200,27,0.01007100,3277.97792900,0
1616199840000,325486.00000000,325500.00000000,325165.00000000,325500.00000000,0.03046400,1616199899999,9915.21079900,20,0.02830700,9213.75093600,0
1616199900000,325482.00000000,325714.00000000,325481.00000000,325481.00000000,0.10843500,1616199959999,35293.94437100,18,0.00135900,442.63246500,0
1616199960000,325712.00000000,325712.00000000,325297.00000000,325297.00000000,0.04435800,1616200019999,14431.15708100,20,0.00321100,1045.85109700,0
1616200020000,325297.00000000,325694.00000000,325297.00000000,325685.00000000,0.05340300,1616200079999,17375.28992800,23,0.00628900,2048.10428800,0
1616200080000,325319.00000000,325681.00000000,325159.00000000,325159.00000000,0.12998000,1616200139999,42285.60278600,29,0.00977900,3184.47308700,0
1616200140000,325622.00000000,325622.00000000,325145.00000000,325145.00000000,0.00922000,1616200199999,2998.07441200,12,0.00687200,2234.61670500,0
1616200200000,325137.00000000,325699.00000000,325137.00000000,325699.00000000,0.15277100,1616200259999,49707.20410600,30,0.15244300,49600.50601400,0
1616200260000,325444.00000000,325899.00000000,325444.00000000,325899.00000000,0.00245200,1616200319999,798.83853200,19,0.00245200,798.83853200,0
1616200320000,325900.00000000,326000.00000000,325446.00000000,325465.00000000,0.03407800,1616200379999,11093.13708000,26,0.00875200,2850.34710000,0
1616200380000,325985.00000000,325985.00000000,325500.00000000,325500.00000000,0.00493300,1616200439999,1606.25267700,10,0.00122500,399.29867700,0
1616200440000,325500.00000000,325912.00000000,325339.00000000,325672.00000000,0.02083900,1616200499999,6781.24557500,12,0.00061300,199.68630600,0
1616200500000,325337.00000000,325605.00000000,325122.00000000,325125.00000000,0.00202400,1616200559999,658.60116000,11,0.00079900,260.15696700,0
1616200560000,325125.00000000,325916.00000000,325123.00000000,325916.00000000,0.06103900,1616200619999,19872.12431900,34,0.05675500,18479.29590000,0
1616200620000,325800.00000000,325999.00000000,325565.00000000,325613.00000000,0.01830400,1616200679999,5962.72976000,10,0.00844400,2752.49710000,0
1616200680000,325996.00000000,325996.00000000,325697.00000000,325991.00000000,0.04474200,1616200739999,14584.66597600,24,0.04129400,13461.57705400,0
1616200740000,325689.00000000,326200.00000000,325689.00000000,326200.00000000,0.34486300,1616200799999,112393.71453600,36,0.18980400,61877.81492500,0
1616200800000,326200.00000000,326315.00000000,325638.00000000,325638.00000000,0.16698200,1616200859999,54431.73654200,16,0.04780700,15594.63915500,0
1616200860000,325939.00000000,325941.00000000,325931.00000000,325941.00000000,0.00493000,1616200919999,1606.86294400,11,0.00493000,1606.86294400,0
1616200920000,325907.00000000,325940.00000000,325641.00000000,325936.00000000,0.04518500,1616200979999,14716.36464100,21,0.00658800,2147.27914000,0
1616200980000,325644.00000000,325936.00000000,325644.00000000,325936.00000000,0.01826000,1616201039999,5951.21789700,16,0.01806300,5887.06602900,0
1616201040000,325935.00000000,325935.00000000,325500.00000000,325734.00000000,0.01885300,1616201099999,6139.26744000,20,0.01016800,3312.07455300,0
1616201100000,325591.00000000,325734.00000000,325352.00000000,325355.00000000,0.08206300,1616201159999,26708.76250700,25,0.02498100,8136.90760000,0
1616201160000,325731.00000000,325734.00000000,325084.00000000,325734.00000000,0.15294500,1616201219999,49799.27539100,36,0.11838600,38561.80493400,0
1616201220000,325734.00000000,326530.00000000,325734.00000000,326530.00000000,0.35972000,1616201279999,117345.53113800,54,0.34212000,111603.65645600,0
1616201280000,326300.00000000,326529.00000000,326045.00000000,326053.00000000,0.10213000,1616201339999,33302.29649600,16,0.00423400,1382.18165000,0
1616201340000,326110.00000000,326385.00000000,325815.00000000,326379.00000000,0.04381400,1616201399999,14285.56781200,15,0.00367500,1199.45059100,0
1616201400000,325820.00000000,326665.00000000,325817.00000000,326665.00000000,0.27734900,1616201459999,90518.23147700,39,0.27047500,88278.55342300,0
1616201460000,326755.00000000,327000.00000000,326527.00000000,326998.00000000,0.03100500,1616201519999,10134.01449900,33,0.02184800,7142.47995600,0
1616201520000,326998.00000000,327000.00000000,326714.00000000,326716.00000000,0.07325300,1616201579999,23939.40422400,26,0.02292500,7496.45033500,0
1616201580000,326959.00000000,326959.00000000,326500.00000000,326502.00000000,0.02034000,1616201639999,6641.69235900,27,0.00075900,248.14754600,0
1616201640000,326500.00000000,326883.00000000,326287.00000000,326702.00000000,0.01598200,1616201699999,5217.36074800,22,0.00595000,1944.00185400,0
1616201700000,326691.00000000,326713.00000000,326000.00000000,326619.00000000,0.05998500,1616201759999,19582.57703900,27,0.04684500,15296.68636100,0
1616201760000,326600.00000000,326612.00000000,326042.00000000,326299.00000000,0.03630900,1616201819999,11849.72921900,35,0.02570000,8390.13943800,0
1616201820000,325834.00000000,326198.00000000,325531.00000000,326149.00000000,0.35260600,1616201879999,114874.90258000,33,0.00591100,1927.95796100,0
1616201880000,326145.00000000,326159.00000000,325604.00000000,325606.00000000,0.07236800,1616201939999,23570.84539400,36,0.01467200,4784.62510100,0
1616201940000,325604.00000000,325995.00000000,325284.00000000,325989.00000000,0.33607900,1616201999999,109470.11084200,40,0.15274900,49790.42834100,0
1616202000000,325839.00000000,326013.00000000,325501.00000000,325504.00000000,0.09775000,1616202059999,31861.94451800,21,0.08200800,26735.52099000,0
1616202060000,325677.00000000,325686.00000000,325283.00000000,325345.00000000,0.20327000,1616202119999,66148.11331700,29,0.04633200,15089.51206700,0
1616202120000,325345.00000000,325531.00000000,325088.00000000,325133.00000000,0.05593000,1616202179999,18185.81448700,26,0.04938100,16056.09370000,0
1616202180000,325189.00000000,325499.00000000,325187.00000000,325438.00000000,0.01764900,1616202239999,5739.88527100,14,0.00688700,2240.18645700,0
1616202240000,325200.00000000,325648.00000000,325188.00000000,325521.00000000,0.09451700,1616202299999,30764.12919300,17,0.09339600,30399.31891000,0
1616202300000,325646.00000000,325648.00000000,325547.00000000,325647.00000000,0.17515900,1616202359999,57026.24930400,13,0.03429600,11168.38746700,0
1616202360000,325650.00000000,325847.00000000,325346.00000000,325847.00000000,0.01279600,1616202419999,4166.91441800,15,0.00388700,1266.40851800,0
1616202420000,325848.00000000,326143.00000000,325848.00000000,326143.00000000,0.11185400,1616202479999,36454.17333900,19,0.11153400,36349.88533900,0
1616202480000,326143.00000000,326143.00000000,325811.00000000,325812.00000000,0.06456800,1616202539999,21043.89163900,38,0.01090800,3557.37400800,0
1616202540000,326122.00000000,326132.00000000,325793.00000000,325812.00000000,0.04546400,1616202599999,14813.86538700,22,0.00415700,1355.71776000,0
1616202600000,325848.00000000,325969.00000000,325572.00000000,325572.00000000,0.10413800,1616202659999,33921.64468400,14,0.03646700,11881.54574400,0
1616202660000,325935.00000000,325935.00000000,325344.00000000,325472.00000000,0.00772900,1616202719999,2518.54263600,20,0.00609300,1985.87730800,0
1616202720000,325541.00000000,325847.00000000,325541.00000000,325698.00000000,0.06076700,1616202779999,19786.11879000,18,0.00298600,972.67954400,0
1616202780000,325698.00000000,325698.00000000,325480.00000000,325639.00000000,0.01577400,1616202839999,5134.65844700,12,0.00378900,1233.77836700,0
1616202840000,325480.00000000,325659.00000000,325473.00000000,325503.00000000,0.01581800,1616202899999,5150.02721200,19,0.00808100,2631.62795800,0
1616202900000,325500.00000000,325642.00000000,325191.00000000,325640.00000000,0.04624900,1616202959999,15047.72558700,23,0.00102200,332.80530800,0
1616202960000,325331.00000000,325331.00000000,325326.00000000,325326.00000000,0.11356400,1616203019999,36945.88708400,11,0.11356400,36945.88708400,0
1616203020000,325325.00000000,325334.00000000,325218.00000000,325224.00000000,0.05358300,1616203079999,17432.15779500,13,0.05303000,17252.31072500,0
1616203080000,325423.00000000,325605.00000000,325280.00000000,325284.00000000,0.00133500,1616203139999,434.56209900,9,0.00092000,299.55583200,0
1616203140000,325634.00000000,325634.00000000,325221.00000000,325633.00000000,0.01852500,1616203199999,6029.47737300,18,0.01042500,3394.70535600,0
1616203200000,325621.00000000,325897.00000000,325439.00000000,325897.00000000,0.05295600,1616203259999,17246.09404800,15,0.04622700,15056.21501700,0
1616203260000,325897.00000000,325898.00000000,325542.00000000,325546.00000000,0.01178800,1616203319999,3841.58193800,10,0.01152600,3756.28923800,0
1616203320000,325640.00000000,325926.00000000,325557.00000000,325920.00000000,0.01698300,1616203379999,5533.05330000,24,0.00825300,2689.78024900,0
1616203380000,325921.00000000,326334.00000000,325654.00000000,326334.00000000,0.26322400,1616203439999,85794.34057800,37,0.10725200,34960.12252400,0
1616203440000,326334.00000000,326500.00000000,325956.00000000,325956.00000000,0.07388100,1616203499999,24109.94216100,13,0.02132000,6957.79373700,0
1616203500000,325958.00000000,326278.00000000,325844.00000000,326259.00000000,0.08361200,1616203559999,27251.34196000,16,0.01408400,4595.06148400,0
1616203560000,326251.00000000,326258.00000000,325653.00000000,325979.00000000,0.05195000,1616203619999,16930.06351400,19,0.00841200,2743.53019000,0
1616203620000,325979.00000000,326255.00000000,325841.00000000,326255.00000000,0.00704800,1616203679999,2298.11599100,19,0.00704800,2298.11599100,0
1616203680000,325702.00000000,325961.00000000,325682.00000000,325961.00000000,0.00301800,1616203739999,983.59315200,11,0.00244200,795.99648000,0
1616203740000,325701.00000000,326246.00000000,325701.00000000,326237.00000000,0.02121100,1616203799999,6914.06330500,20,0.01282900,4183.84442100,0
1616203800000,326231.00000000,326254.00000000,326216.00000000,326254.00000000,0.02634400,1616203859999,8594.66315500,15,0.02634400,8594.66315500,0
1616203860000,326254.00000000,326254.00000000,326245.00000000,326245.00000000,0.04773600,1616203919999,15574.05732400,14,0.04760600,15531.64547400,0
1616203920000,325857.00000000,326251.00000000,325726.00000000,326251.00000000,0.15196600,1616203979999,49507.93432200,31,0.01041900,3397.28333700,0
1616203980000,326250.00000000,326350.00000000,326117.00000000,326345.00000000,0.29432500,1616204039999,96002.37636500,19,0.12211200,39840.78182500,0
1616204040000,326339.00000000,326654.00000000,326339.00000000,326587.00000000,0.17630700,1616204099999,57566.33476100,34,0.17507700,57164.89412800,0
1616204100000,326945.00000000,326948.00000000,326500.00000000,326599.00000000,0.01682300,1616204159999,5498.99671400,18,0.01632000,5334.73572600,0
1616204160000,326599.00000000,326599.00000000,326301.00000000,326352.00000000,0.04276100,1616204219999,13955.58433300,29,0.00751900,2455.67293200,0
1616204220000,326594.00000000,326594.00000000,326187.00000000,326500.00000000,0.02219300,1616204279999,7240.67705200,11,0.00495200,1616.62630400,0
1616204280000,326313.00000000,326598.00000000,326313.00000000,326500.00000000,0.00632400,1616204339999,2064.31154800,8,0.00254300,830.52209500,0
1616204340000,326500.00000000,326598.00000000,326017.00000000,326317.00000000,0.03696800,1616204399999,12064.20917100,20,0.01310000,4277.98475000,0
1616204400000,326015.00000000,326321.00000000,326000.00000000,326321.00000000,0.00747300,1616204459999,2437.50578600,13,0.00395000,1288.95939600,0
1616204460000,326321.00000000,326323.00000000,326052.00000000,326320.00000000,0.11289700,1616204519999,36812.13855200,13,0.00681100,2222.57932500,0
1616204520000,326300.00000000,326318.00000000,326170.00000000,326299.00000000,0.00323100,1616204579999,1054.15409200,7,0.00222400,725.70090200,0
1616204580000,325956.00000000,326294.00000000,325956.00000000,325957.00000000,0.00883200,1616204639999,2880.92606800,10,0.00564100,1840.56030800,0
1616204640000,326280.00000000,326294.00000000,326269.00000000,326269.00000000,0.00147000,1616204699999,479.62076000,7,0.00147000,479.62076000,0
1616204700000,326269.00000000,326296.00000000,325868.00000000,326296.00000000,0.02081700,1616204759999,6791.81351400,13,0.02021000,6594.01163800,0
1616204760000,326295.00000000,326295.00000000,326295.00000000,326295.00000000,0.00145700,1616204819999,475.41181500,2,0.00145700,475.41181500,0
1616204820000,326295.00000000,326295.00000000,325629.00000000,326292.00000000,0.17724600,1616204879999,57726.96561700,19,0.01451300,4732.90394200,0
1616204880000,326060.00000000,326287.00000000,325733.00000000,326287.00000000,0.17244700,1616204939999,56227.70990000,8,0.00765400,2496.35922200,0
1616204940000,326287.00000000,326287.00000000,326250.00000000,326250.00000000,0.03763200,1616204999999,12277.47455800,17,0.03763200,12277.47455800,0
1616205000000,326060.00000000,326250.00000000,325882.00000000,326248.00000000,0.00418900,1616205059999,1366.38026700,20,0.00317500,1035.84037100,0
1616205060000,325960.00000000,326244.00000000,325956.00000000,326243.00000000,0.01795000,1616205119999,5851.56439500,16,0.00214300,699.13915700,0
1616205120000,326243.00000000,326250.00000000,325946.00000000,326247.00000000,0.00875100,1616205179999,2852.65951500,19,0.00267200,871.20244900,0
1616205180000,326240.00000000,326240.00000000,325950.00000000,325950.00000000,0.02535400,1616205239999,8267.10752400,17,0.01453800,4740.42278500,0
1616205240000,326243.00000000,326250.00000000,325951.00000000,325956.00000000,0.09498400,1616205299999,30986.20027600,30,0.08809000,28739.06445500,0
1616205300000,325952.00000000,327123.00000000,325952.00000000,327123.00000000,0.17322900,1616205359999,56572.24450600,38,0.17065600,55731.57337200,0
1616205360000,327123.00000000,327123.00000000,326565.00000000,327087.00000000,0.05023100,1616205419999,16407.74875000,23,0.04267100,13937.77000100,0
1616205420000,327062.00000000,327121.00000000,326156.00000000,327100.00000000,0.01502300,1616205479999,4913.60976500,18,0.01377100,4504.59022300,0
1616205480000,327100.00000000,327122.00000000,326987.00000000,326987.00000000,0.00672100,1616205539999,2198.16454000,10,0.00672100,2198.16454000,0
1616205540000,327122.00000000,327122.00000000,326585.00000000,326585.00000000,0.10238700,1616205599999,33477.81530100,11,0.07332500,23986.21203100,0
1616205600000,326365.00000000,326851.00000000,326130.00000000,326550.00000000,0.01242500,1616205659999,4053.91785200,14,0.00347200,1133.85035400,0
1616205660000,326526.00000000,326528.00000000,326151.00000000,326514.00000000,0.02889700,1616205719999,9433.16977900,23,0.02274300,7426.02123800,0
1616205720000,326514.00000000,326851.00000000,326514.00000000,326850.00000000,0.00188200,1616205779999,614.94085300,11,0.00188200,614.94085300,0
1616205780000,326850.00000000,326850.00000000,326384.00000000,326841.00000000,0.00571900,1616205839999,1867.24264000,11,0.00139700,456.60693400,0
1616205840000,326818.00000000,326818.00000000,326346.00000000,326346.00000000,0.00185300,1616205899999,604.86279500,4,0.00030500,99.67918700,0
1616205900000,326346.00000000,326796.00000000,326346.00000000,326795.00000000,0.00761800,1616205959999,2487.34433900,12,0.00270900,885.27294500,0
1616205960000,326795.00000000,326816.00000000,326428.00000000,326815.00000000,0.01299000,1616206019999,4245.16838100,12,0.01268300,4144.95243500,0
1616206020000,326816.00000000,326816.00000000,326366.00000000,326794.00000000,0.59398200,1616206079999,194105.73943300,25,0.00126500,413.41816400,0
1616206080000,326784.00000000,326800.00000000,326384.00000000,326386.00000000,0.01591900,1616206139999,5201.82737000,20,0.01492100,4876.04271600,0
1616206140000,326775.00000000,326816.00000000,326775.00000000,326815.00000000,0.01704700,1616206199999,5570.67313900,14,0.01704700,5570.67313900,0
1616206200000,326816.00000000,326816.00000000,326549.00000000,326815.00000000,0.01534100,1616206259999,5013.40279800,19,0.01428800,4669.54670100,0
1616206260000,326815.00000000,326999.00000000,326548.00000000,326999.00000000,0.02017900,1616206319999,6593.01127500,18,0.01168200,3818.32625100,0
1616206320000,327000.00000000,327499.00000000,327000.00000000,327499.00000000,0.16864700,1616206379999,55152.27538100,21,0.16852300,55111.69997700,0
1616206380000,327500.00000000,327560.00000000,327259.00000000,327560.00000000,0.14843700,1616206439999,48612.66429800,31,0.14586500,47770.88024500,0
1616206440000,327560.00000000,327600.00000000,327100.00000000,327345.00000000,0.27943400,1616206499999,91491.40432500,15,0.15724800,51508.03579000,0
1616206500000,327101.00000000,327346.00000000,326793.00000000,327344.00000000,0.24166900,1616206559999,78996.26913000,20,0.01783100,5836.85703000,0
1616206560000,327344.00000000,327344.00000000,326773.00000000,326773.00000000,0.00559400,1616206619999,1829.05444500,11,0.00059400,194.38465500,0
1616206620000,327050.00000000,327050.00000000,326550.00000000,327002.00000000,0.04391300,1616206679999,14349.80387800,15,0.00126200,412.70940200,0
1616206680000,326992.00000000,326992.00000000,326501.00000000,326503.00000000,0.00080700,1616206739999,263.63817700,8,0.00030500,99.73235800,0
1616206740000,326930.00000000,326998.00000000,326505.00000000,326915.00000000,0.00310100,1616206799999,1013.76182500,15,0.00306800,1002.98716000,0
1616206800000,326915.00000000,326992.00000000,326600.00000000,326600.00000000,0.01461100,1616206859999,4774.64976500,14,0.00748700,2447.94250300,0
1616206860000,326981.00000000,326983.00000000,326509.00000000,326983.00000000,0.00140900,1616206919999,460.65397300,7,0.00130800,427.67656400,0
1616206920000,326981.00000000,326981.00000000,326561.00000000,326979.00000000,0.00666000,1616206979999,2176.65044100,14,0.00412600,1349.12248700,0
1616206980000,326979.00000000,326979.00000000,326600.00000000,326957.00000000,0.01051600,1616207039999,3437.32608800,17,0.00769300,2515.32448100,0
1616207040000,326957.00000000,326957.00000000,326590.00000000,326956.00000000,0.00463700,1616207099999,1515.72031600,8,0.00360500,1178.67943600,0
1616207100000,326630.00000000,326978.00000000,326553.00000000,326557.00000000,0.05841300,1616207159999,19077.54776600,18,0.00546000,1785.25913500,0
1616207160000,326557.00000000,326971.00000000,326557.00000000,326971.00000000,0.00341700,1616207219999,1116.60231600,8,0.00183300,599.32960200,0
1616207220000,326922.00000000,326950.00000000,326558.00000000,326898.00000000,0.00082100,1616207279999,268.38502600,8,0.00075900,248.13843000,0
1616207280000,326558.00000000,326558.00000000,326558.00000000,326558.00000000,0.00019700,1616207339999,64.33192600,1,0.00000000,0.00000000,0
1616207340000,326806.00000000,326900.00000000,326566.00000000,326900.00000000,0.00949600,1616207399999,3103.63146600,15,0.00793600,2594.18538600,0
1616207400000,326899.00000000,326971.00000000,326382.00000000,326382.00000000,0.10165000,1616207459999,33201.42205100,36,0.01241900,4060.14601300,0
1616207460000,326382.00000000,326695.00000000,326126.00000000,326126.00000000,0.00599700,1616207519999,1957.17088500,10,0.00147700,481.97101300,0
1616207520000,326653.00000000,326921.00000000,326653.00000000,326921.00000000,0.09786500,1616207579999,31983.54735700,19,0.09786500,31983.54735700,0
1616207580000,326688.00000000,326921.00000000,326688.00000000,326921.00000000,0.00417900,1616207639999,1366.15481800,5,0.00397500,1299.51046600,0
1616207640000,326688.00000000,326688.00000000,326500.00000000,326500.00000000,0.00829900,1616207699999,2711.04719800,6,0.00116600,380.91704200,0
1616207700000,326679.00000000,326679.00000000,326000.00000000,326382.00000000,0.01661800,1616207759999,5420.98716800,20,0.00407300,1329.64991700,0
1616207760000,325734.00000000,326379.00000000,325724.00000000,325735.00000000,0.02288600,1616207819999,7456.36942300,13,0.00153100,499.68624900,0
1616207820000,326316.00000000,326375.00000000,325929.00000000,326357.00000000,0.00747900,1616207879999,2439.57643000,19,0.00445900,1455.12277000,0
1616207880000,326357.00000000,326357.00000000,325985.00000000,326356.00000000,0.00528900,1616207939999,1726.06553400,13,0.00520800,1699.66074900,0
1616207940000,326356.00000000,326358.00000000,326053.00000000,326053.00000000,0.03795200,1616207999999,12384.79812600,14,0.03407300,11119.98619600,0
1616208000000,325985.00000000,326341.00000000,325776.00000000,326325.00000000,0.00864500,1616208059999,2818.11816100,14,0.00063900,208.52791900,0
1616208060000,326289.00000000,326313.00000000,325782.00000000,325782.00000000,0.00362100,1616208119999,1181.12090200,5,0.00279900,913.32809800,0
1616208120000,325784.00000000,326252.00000000,325784.00000000,326252.00000000,0.00803600,1616208179999,2620.98296000,16,0.00656400,2141.42891200,0
1616208180000,326325.00000000,326325.00000000,325911.00000000,326322.00000000,0.03328000,1616208239999,10848.74190300,14,0.00581700,1898.22701400,0
1616208240000,326322.00000000,326323.00000000,326322.00000000,326323.00000000,0.01127100,1616208299999,3677.98040800,15,0.01127100,3677.98040800,0
1616208300000,325790.00000000,326077.00000000,325679.00000000,325679.00000000,0.13197400,1616208359999,42995.78296800,26,0.00234700,765.29863700,0
1616208360000,325680.00000000,326056.00000000,325333.00000000,325468.00000000,0.17439700,1616208419999,56739.24785800,16,0.00028900,94.23018400,0
1616208420000,326052.00000000,326052.00000000,325468.00000000,326047.00000000,0.00367700,1616208479999,1197.69032800,14,0.00150100,489.40282700,0
1616208480000,326042.00000000,326042.00000000,325711.00000000,325713.00000000,0.01341500,1616208539999,4371.94023900,6,0.01311600,4274.55225400,0
1616208540000,326040.00000000,326040.00000000,325778.00000000,326040.00000000,0.00163600,1616208599999,533.13202100,10,0.00061200,199.53534900,0
1616208600000,326019.00000000,326019.00000000,326019.00000000,326019.00000000,0.00178700,1616208659999,582.59595300,6,0.00178700,582.59595300,0
1616208660000,326014.00000000,326020.00000000,325722.00000000,326020.00000000,0.00641800,1616208719999,2090.99451500,9,0.00171600,559.44967100,0
1616208720000,326019.00000000,326019.00000000,325468.00000000,325999.00000000,0.24935400,1616208779999,81190.38162600,16,0.00346200,1128.67287800,0
1616208780000,325993.00000000,325993.00000000,325300.00000000,325307.00000000,0.03926700,1616208839999,12790.39070900,19,0.03850600,12542.83576100,0
1616208840000,325736.00000000,325893.00000000,325307.00000000,325889.00000000,0.00436700,1616208899999,1421.92758000,7,0.00265200,864.02607500,0
1616208900000,325310.00000000,325730.00000000,325306.00000000,325309.00000000,0.04503900,1616208959999,14652.18029000,21,0.00162100,528.00668400,0
1616208960000,325310.00000000,325310.00000000,325307.00000000,325309.00000000,0.02012800,1616209019999,6547.81284500,5,0.00000000,0.00000000,0
1616209020000,325309.00000000,325455.00000000,325123.00000000,325450.00000000,0.03244400,1616209079999,10553.87336000,10,0.00040800,132.78411000,0
1616209080000,325702.00000000,325702.00000000,325701.00000000,325701.00000000,0.00442500,1616209139999,1441.23089900,7,0.00442500,1441.23089900,0
1616209140000,325442.00000000,325988.00000000,325442.00000000,325988.00000000,0.26667600,1616209199999,86849.08975900,31,0.09531400,31045.65795800,0
1616209200000,325572.00000000,325989.00000000,325255.00000000,325753.00000000,0.06308000,1616209259999,20532.13563600,29,0.00642100,2092.42078400,0
1616209260000,325753.00000000,325754.00000000,325550.00000000,325753.00000000,0.00773600,1616209319999,2519.35451300,12,0.00465200,1515.35699400,0
1616209320000,325550.00000000,325752.00000000,325250.00000000,325750.00000000,0.02686100,1616209379999,8744.63900200,7,0.00042900,139.74730200,0
1616209380000,325711.00000000,325711.00000000,325170.00000000,325170.00000000,0.02686300,1616209439999,8736.83470600,6,0.00329000,1071.58919000,0
1616209440000,325693.00000000,325693.00000000,325209.00000000,325209.00000000,0.02689300,1616209499999,8746.02358900,15,0.00036500,118.87754300,0
1616209500000,325210.00000000,325684.00000000,325209.00000000,325682.00000000,0.04593300,1616209559999,14955.25676100,13,0.04275700,13922.38980100,0
1616209560000,325682.00000000,325682.00000000,325679.00000000,325681.00000000,0.00271300,1616209619999,883.57231000,7,0.00271300,883.57231000,0
1616209620000,325681.00000000,325681.00000000,325169.00000000,325679.00000000,0.01126600,1616209679999,3668.80919200,22,0.01031800,3360.35368000,0
1616209680000,325679.00000000,325679.00000000,325679.00000000,325679.00000000,0.00024500,1616209739999,79.79135500,3,0.00024500,79.79135500,0
1616209740000,325679.00000000,325753.00000000,325438.00000000,325753.00000000,0.21118800,1616209799999,68779.70413100,33,0.20676200,67339.31554300,0
1616209800000,325990.00000000,326017.00000000,325669.00000000,326017.00000000,0.11655100,1616209859999,37995.13984800,25,0.11630600,37915.35094300,0
1616209860000,326016.00000000,326016.00000000,325670.00000000,325679.00000000,0.02140700,1616209919999,6971.86794800,6,0.00075500,246.12965000,0
1616209920000,326016.00000000,326016.00000000,325441.00000000,325441.00000000,0.11441300,1616209979999,37262.03609800,15,0.00245100,799.06521600,0
1616209980000,325439.00000000,325764.00000000,325400.00000000,325764.00000000,0.14668100,1616210039999,47735.71520900,11,0.00458400,1493.29912000,0
1616210040000,325763.00000000,325763.00000000,325762.00000000,325762.00000000,0.00466100,1616210099999,1518.38053600,13,0.00466100,1518.38053600,0
1616210100000,325762.00000000,325763.00000000,325220.00000000,325455.00000000,0.02086500,1616210159999,6788.82154000,16,0.00624400,2033.74494500,0
1616210160000,325455.00000000,325455.00000000,324880.00000000,324880.00000000,0.11418700,1616210219999,37110.96020100,28,0.00309000,1005.54417000,0
1616210220000,324858.00000000,325108.00000000,324584.00000000,325000.00000000,0.19663700,1616210279999,63853.71579000,17,0.00198800,646.24570000,0
1616210280000,325000.00000000,325399.00000000,325000.00000000,325299.00000000,0.09911800,1616210339999,32213.56428600,10,0.09911800,32213.56428600,0
1616210340000,325111.00000000,325745.00000000,325111.00000000,325745.00000000,0.16384600,1616210399999,53310.38473500,14,0.16384600,53310.38473500,0
1616210400000,325257.00000000,325257.00000000,325256.00000000,325256.00000000,0.00057000,1616210459999,185.39620500,2,0.00000000,0.00000000,0
1616210460000,325710.00000000,325710.00000000,325068.00000000,325068.00000000,0.02812000,1616210519999,9153.07281600,3,0.00016800,54.71928000,0
1616210520000,325706.00000000,325706.00000000,325225.00000000,325702.00000000,0.01334300,1616210579999,4340.42091300,15,0.00196300,639.35516400,0
1616210580000,325703.00000000,325703.00000000,325429.00000000,325429.00000000,0.03821000,1616210639999,12443.27028200,12,0.03146900,10249.54770700,0
1616210640000,325429.00000000,325898.00000000,325225.00000000,325225.00000000,0.26966100,1616210699999,87821.95912600,19,0.17708800,57679.65091400,0
1616210700000,325701.00000000,325701.00000000,325701.00000000,325701.00000000,0.00030500,1616210759999,99.33880500,1,0.00000000,0.00000000,0
1616210760000,325884.00000000,325884.00000000,324715.00000000,324889.00000000,0.12064000,1616210819999,39204.78677000,21,0.00665300,2165.56148500,0
1616210820000,325403.00000000,325403.00000000,325402.00000000,325402.00000000,0.00929400,1616210879999,3024.28649500,9,0.00929400,3024.28649500,0
1616210880000,325402.00000000,325402.00000000,324715.00000000,324715.00000000,0.02059700,1616210939999,6690.74667800,12,0.00074800,243.40069600,0
1616210940000,325111.00000000,325111.00000000,325111.00000000,325111.00000000,0.00243600,1616210999999,791.97039600,6,0.00243600,791.97039600,0
1616211000000,324715.00000000,325073.00000000,324501.00000000,324615.00000000,0.35188300,1616211059999,114237.49576100,22,0.02227600,7239.98944100,0
1616211060000,325072.00000000,325072.00000000,324646.00000000,324647.00000000,0.04156000,1616211119999,13509.26621500,6,0.03992500,12978.46913200,0
1616211120000,324900.00000000,325392.00000000,324900.00000000,325392.00000000,0.02997900,1616211179999,9740.82742500,8,0.02884800,9373.15063500,0
1616211180000,325383.00000000,325383.00000000,325381.00000000,325381.00000000,0.00118100,1616211239999,384.27670900,7,0.00118100,384.27670900,0
1616211240000,325376.00000000,325376.00000000,325376.00000000,325376.00000000,0.00030700,1616211299999,99.89043200,3,0.00030700,99.89043200,0
1616211300000,324725.00000000,324725.00000000,324725.00000000,324725.00000000,0.00021000,1616211359999,68.19225000,1,0.00000000,0.00000000,0
1616211360000,325370.00000000,325370.00000000,325370.00000000,325370.00000000,0.00797000,1616211419999,2593.19890000,8,0.00797000,2593.19890000,0
